,E[dynamic-RLS-opt],E[dynamic-RLS-drift],E[dynamic-(1+1){>0}-p-opt],E[dynamic-(1+1){>0}-p-drift],E[dynamic-(1+1)-p-opt],E[dynamic-(1+1)-p-drift],E[dynamic-(1+1)-Baeck],E[static-RLS-1],E[static-(1+1)-1/n],E[old-1+1{>0}],static-(1+1)-opt,E[static-(1+1)-opt],E[dynamic-(1+1){>0}-p-drift-1/2n],E[dynamic-(1+1){>0}-p-drift-1/n],E[dynamic-(1+1){>0}-p-opt-1/2n],E[dynamic-(1+1){>0}-p-opt-1/n],E[old-1+1{>0}-1/2n]
100,432.35715093205295,432.5806535421427,435.7102605497036,436.17328727631144,1004.7217266697684,1004.9983782737672,1007.2622294928236,449.4230337079514,1069.5384972597178,678.0528170258906,0.011703501410416376,1057.1514825221814,532.9575403406232,662.6834669526586,532.7217792355445,662.4434349495697,548.6222944942614
500,2974.047700868689,2974.2948928797905,2978.211328830622,2987.6130977612042,7187.909525266333,7188.170879281905,7202.037225959973,3049.8381247119064,7509.335324374188,4749.570076170221,0.002249585665715169,7460.119158998994,3710.122650350671,4680.650198802277,3699.2959546827346,4664.822946032871,3780.000458215772
1000,6643.960055202911,6644.202289298384,6664.329683812866,6680.857050976192,16253.23149736882,16253.486774110517,16282.364353981231,6792.323679977325,16894.68929638156,10682.589339175114,0.0011106254326500608,16806.029861773735,8320.53616085522,10547.60691342798,8319.827357381268,10547.296666388938,8457.200039426387
1500,10575.677710654418,10575.922791684068,10605.3134666979,10646.628685752092,26029.50920639099,26029.784320659684,26073.802590725758,10796.43325158236,26990.829477245188,17064.768922517615,0.0007357023189190562,26865.520874328282,13270.491831829426,16863.93654126489,13269.482525622549,16863.599235740698,13473.770575573215
2000,14677.368434117547,14677.617204297358,14716.01751221565,,36267.53339000048,36267.82031627466,36327.06107843938,14970.441846117506,37548.64560472871,23738.72490623203,0.0005495020658037422,37388.30276756001,18440.97419698766,23472.076753058194,18439.61598307386,23471.68682108838,18710.74608946028
