,dynamic-(1+1){>0}-p-opt,E[dynamic-(1+1){>0}-p-opt],dynamic-(1+1){>0}-p-drift,T[dynamic-(1+1){>0}-p-drift]
Expected Time General,All,1.1666666666666667,All,1.1666666666666667
2,0,0.0,0,0.0
1,0.25,2.3333333333333335,0.25,2.3333333333333335
