,"""optimal""",optimal,statique
500,2974.2879485788867,2974.047700868599,3049.838124711822
1000,6644.200666135725,6643.960055195948,6792.323679970208
1500,10575.919947581606,10575.677710654427,10796.433251582348
