,dynamic-(1+1)-p-opt,E[dynamic-(1+1)-p-opt],dynamic-(1+1)-p-drift,T[dynamic-(1+1)-p-drift]
Expected Time General,All,9.035185185185181,All,9.822449192286143
4,0,0.0,0,0.0
3,0.25,9.481481481481481,0.19999516502988984,9.6154516717949
2,0.5,10.785185185185185,0.19999516502988984,12.705928950369854
1,1,10.481481481481481,1,10.6154516717949
