,dynamic-(1+1)-p-opt,E[dynamic-(1+1)-p-opt],dynamic-(1+1)-p-drift,T[dynamic-(1+1)-p-drift]
Expected Time General,All,23.601382463363183,All,23.931481113225452
7,0,0.0,0,0.0
6,0.14285714285714285,17.651384602194778,0.1428576575676766,17.649045021563076
5,0.2222554831145615,23.32500173593506,0.19999635563919824,23.370078771359278
4,0.3844087282601132,25.23153568529271,0.34153450008564834,25.30856633991267
3,0.6155912717398867,25.2315356852927,1,26.30856633991267
2,1,24.32500173593506,1,24.370078771359278
1,1,18.651384602194778,1,18.649045021563076
