,mean,statistical diff with opt,variance
static,6967.96,False,1556987.8784000003
"""optimal""",6300.52,False,1403141.6096
optimal,6670.6,False,1581829.4799999997
