,mean,statistical diff with opt,variance
static,11120.2,False,3011965.6
"""optimal""",10910.14,False,3873399.2004000004
optimal,10693.46,False,2869091.3684000005
